-- MySQL dump 10.14  Distrib 5.5.68-MariaDB, for Linux (x86_64)
--
-- Host: localhost    Database: 6_IPP
-- ------------------------------------------------------
-- Server version	5.5.68-MariaDB

/*!40101 SET @OLD_CHARACTER_SET_CLIENT=@@CHARACTER_SET_CLIENT */;
/*!40101 SET @OLD_CHARACTER_SET_RESULTS=@@CHARACTER_SET_RESULTS */;
/*!40101 SET @OLD_COLLATION_CONNECTION=@@COLLATION_CONNECTION */;
/*!40101 SET NAMES utf8 */;
/*!40103 SET @OLD_TIME_ZONE=@@TIME_ZONE */;
/*!40103 SET TIME_ZONE='+00:00' */;
/*!40014 SET @OLD_UNIQUE_CHECKS=@@UNIQUE_CHECKS, UNIQUE_CHECKS=0 */;
/*!40014 SET @OLD_FOREIGN_KEY_CHECKS=@@FOREIGN_KEY_CHECKS, FOREIGN_KEY_CHECKS=0 */;
/*!40101 SET @OLD_SQL_MODE=@@SQL_MODE, SQL_MODE='NO_AUTO_VALUE_ON_ZERO' */;
/*!40111 SET @OLD_SQL_NOTES=@@SQL_NOTES, SQL_NOTES=0 */;

--
-- Table structure for table `A_ERRORINFO`
--

DROP TABLE IF EXISTS `A_ERRORINFO`;
/*!40101 SET @saved_cs_client     = @@character_set_client */;
/*!40101 SET character_set_client = utf8 */;
CREATE TABLE `A_ERRORINFO` (
  `A_DATE` date NOT NULL,
  `A_CODE` char(50) NOT NULL,
  `A_MSG` char(100) NOT NULL
) ENGINE=InnoDB DEFAULT CHARSET=utf8;
/*!40101 SET character_set_client = @saved_cs_client */;

--
-- Dumping data for table `A_ERRORINFO`
--

LOCK TABLES `A_ERRORINFO` WRITE;
/*!40000 ALTER TABLE `A_ERRORINFO` DISABLE KEYS */;
INSERT INTO `A_ERRORINFO` VALUES ('2022-06-02','ESS017','이미 암호화 된 데이터입니다.'),('2022-06-02','ESS017','이미 암호화 된 데이터입니다.'),('2022-06-02','ESS017','이미 암호화 된 데이터입니다.'),('2022-06-02','ESS017','이미 암호화 된 데이터입니다.'),('2022-06-02','ESS017','이미 암호화 된 데이터입니다.'),('2022-06-02','ESS017','이미 암호화 된 데이터입니다.'),('2022-06-02','ESS017','이미 암호화 된 데이터입니다.'),('2022-06-02','ESS017','이미 암호화 된 데이터입니다.'),('2022-06-02','ESS017','이미 암호화 된 데이터입니다.'),('2022-06-02','ESS017','이미 암호화 된 데이터입니다.'),('2022-06-02','ESS017','이미 암호화 된 데이터입니다.'),('2022-06-02','ESS017','이미 암호화 된 데이터입니다.'),('2022-06-02','ESS017','이미 암호화 된 데이터입니다.'),('2022-06-02','ESS017','이미 암호화 된 데이터입니다.'),('2022-06-02','ESS017','이미 암호화 된 데이터입니다.'),('2022-06-02','ESS017','이미 암호화 된 데이터입니다.'),('2022-06-02','ESS017','이미 암호화 된 데이터입니다.'),('2022-06-02','ESS017','이미 암호화 된 데이터입니다.'),('2022-06-02','ESS017','이미 암호화 된 데이터입니다.'),('2022-06-02','ESS017','이미 암호화 된 데이터입니다.'),('2022-06-02','ESS017','이미 암호화 된 데이터입니다.'),('2022-06-02','ESS017','이미 암호화 된 데이터입니다.'),('2022-06-02','ESS017','이미 암호화 된 데이터입니다.'),('2022-06-02','ESS017','이미 암호화 된 데이터입니다.'),('2022-06-02','ESS017','이미 암호화 된 데이터입니다.'),('2022-06-02','ESS017','이미 암호화 된 데이터입니다.'),('2022-06-02','ESS017','이미 암호화 된 데이터입니다.'),('2022-06-02','ESS017','이미 암호화 된 데이터입니다.'),('2022-06-02','ESS017','이미 암호화 된 데이터입니다.'),('2022-06-02','ESS017','이미 암호화 된 데이터입니다.'),('2022-06-02','ESS017','이미 암호화 된 데이터입니다.'),('2022-06-02','ESS017','이미 암호화 된 데이터입니다.'),('2022-06-02','ESS017','이미 암호화 된 데이터입니다.'),('2022-06-02','ESS017','이미 암호화 된 데이터입니다.'),('2022-06-02','ESS017','이미 암호화 된 데이터입니다.'),('2022-06-02','ESS017','이미 암호화 된 데이터입니다.'),('2022-06-02','ESS017','이미 암호화 된 데이터입니다.'),('2022-06-02','ESS017','이미 암호화 된 데이터입니다.'),('2022-06-02','ESS017','이미 암호화 된 데이터입니다.'),('2022-06-02','ESS017','이미 암호화 된 데이터입니다.'),('2022-06-02','ESS017','이미 암호화 된 데이터입니다.'),('2022-06-02','ESS017','이미 암호화 된 데이터입니다.'),('2022-06-02','ESS017','이미 암호화 된 데이터입니다.'),('2022-06-02','ESS017','이미 암호화 된 데이터입니다.'),('2022-06-02','ESS017','이미 암호화 된 데이터입니다.'),('2022-06-02','ESS017','이미 암호화 된 데이터입니다.'),('2022-06-02','ESS017','이미 암호화 된 데이터입니다.'),('2022-06-02','ESS017','이미 암호화 된 데이터입니다.'),('2022-06-02','ESS017','이미 암호화 된 데이터입니다.'),('2022-06-02','ESS017','이미 암호화 된 데이터입니다.'),('2022-06-02','ESS017','이미 암호화 된 데이터입니다.'),('2022-06-02','ESS017','이미 암호화 된 데이터입니다.'),('2022-06-02','ESS017','이미 암호화 된 데이터입니다.'),('2022-06-02','ESS017','이미 암호화 된 데이터입니다.'),('2022-06-02','ESS017','이미 암호화 된 데이터입니다.'),('2022-06-02','ESS017','이미 암호화 된 데이터입니다.'),('2022-06-02','ESS017','이미 암호화 된 데이터입니다.'),('2022-06-02','ESS017','이미 암호화 된 데이터입니다.'),('2022-06-02','ESS017','이미 암호화 된 데이터입니다.'),('2022-06-02','ESS017','이미 암호화 된 데이터입니다.'),('2022-06-02','ESS017','이미 암호화 된 데이터입니다.'),('2022-06-02','ESS017','이미 암호화 된 데이터입니다.'),('2022-06-02','ESS017','이미 암호화 된 데이터입니다.'),('2022-06-02','ESS017','이미 암호화 된 데이터입니다.'),('2022-06-02','ESS017','이미 암호화 된 데이터입니다.'),('2022-06-02','ESS017','이미 암호화 된 데이터입니다.'),('2022-06-02','ESS017','이미 암호화 된 데이터입니다.'),('2022-06-02','ESS017','이미 암호화 된 데이터입니다.'),('2022-06-02','ESS017','이미 암호화 된 데이터입니다.'),('2022-06-02','ESS017','이미 암호화 된 데이터입니다.'),('2022-06-02','ESS017','이미 암호화 된 데이터입니다.'),('2022-06-02','ESS017','이미 암호화 된 데이터입니다.'),('2022-06-02','ESS017','이미 암호화 된 데이터입니다.'),('2022-06-02','ESS017','이미 암호화 된 데이터입니다.'),('2022-06-02','ESS017','이미 암호화 된 데이터입니다.'),('2022-06-02','ESS017','이미 암호화 된 데이터입니다.'),('2022-06-02','ESS017','이미 암호화 된 데이터입니다.'),('2022-06-02','ESS017','이미 암호화 된 데이터입니다.'),('2022-06-02','ESS017','이미 암호화 된 데이터입니다.'),('2022-06-02','ESS017','이미 암호화 된 데이터입니다.'),('2022-06-02','ESS017','이미 암호화 된 데이터입니다.'),('2022-06-02','ESS017','이미 암호화 된 데이터입니다.'),('2022-06-02','ESS017','이미 암호화 된 데이터입니다.'),('2022-06-02','ESS017','이미 암호화 된 데이터입니다.'),('2022-06-02','ESS017','이미 암호화 된 데이터입니다.'),('2022-06-02','ESS017','이미 암호화 된 데이터입니다.'),('2022-06-02','ESS017','이미 암호화 된 데이터입니다.'),('2022-06-02','ESS017','이미 암호화 된 데이터입니다.'),('2022-06-02','ESS017','이미 암호화 된 데이터입니다.'),('2022-06-02','ESS017','이미 암호화 된 데이터입니다.'),('2022-06-02','ESS017','이미 암호화 된 데이터입니다.'),('2022-06-02','ESS017','이미 암호화 된 데이터입니다.'),('2022-06-02','ESS017','이미 암호화 된 데이터입니다.'),('2022-06-02','ESS017','이미 암호화 된 데이터입니다.'),('2022-06-02','ESS017','이미 암호화 된 데이터입니다.'),('2022-06-02','ESS017','이미 암호화 된 데이터입니다.'),('2022-06-02','ESS017','이미 암호화 된 데이터입니다.'),('2022-06-02','ESS017','이미 암호화 된 데이터입니다.'),('2022-06-02','ESS017','이미 암호화 된 데이터입니다.'),('2022-06-02','ESS017','이미 암호화 된 데이터입니다.'),('2022-06-02','ESS017','이미 암호화 된 데이터입니다.'),('2022-06-02','ESS017','이미 암호화 된 데이터입니다.'),('2022-06-02','ESS017','이미 암호화 된 데이터입니다.');
/*!40000 ALTER TABLE `A_ERRORINFO` ENABLE KEYS */;
UNLOCK TABLES;

--
-- Table structure for table `A_LOGINFO`
--

DROP TABLE IF EXISTS `A_LOGINFO`;
/*!40101 SET @saved_cs_client     = @@character_set_client */;
/*!40101 SET character_set_client = utf8 */;
CREATE TABLE `A_LOGINFO` (
  `A_DATE` date NOT NULL,
  `A_CODE` char(50) NOT NULL,
  `A_MSG` char(100) NOT NULL
) ENGINE=InnoDB DEFAULT CHARSET=utf8;
/*!40101 SET character_set_client = @saved_cs_client */;

--
-- Dumping data for table `A_LOGINFO`
--

LOCK TABLES `A_LOGINFO` WRITE;
/*!40000 ALTER TABLE `A_LOGINFO` DISABLE KEYS */;
INSERT INTO `A_LOGINFO` VALUES ('2022-06-02','info','암호화 성공');
/*!40000 ALTER TABLE `A_LOGINFO` ENABLE KEYS */;
UNLOCK TABLES;

--
-- Table structure for table `A_UNIV_CLASS`
--

DROP TABLE IF EXISTS `A_UNIV_CLASS`;
/*!40101 SET @saved_cs_client     = @@character_set_client */;
/*!40101 SET character_set_client = utf8 */;
CREATE TABLE `A_UNIV_CLASS` (
  `A_CLASSNUM` char(10) NOT NULL,
  `A_SNUM` char(100) NOT NULL,
  `A_SUBC` char(7) NOT NULL,
  `A_CLASSD` varchar(3) NOT NULL,
  `A_CALSST` int(11) DEFAULT NULL,
  `A_SCORE` int(11) DEFAULT NULL,
  `A_ROOM` char(4) NOT NULL,
  PRIMARY KEY (`A_CLASSNUM`)
) ENGINE=InnoDB DEFAULT CHARSET=utf8;
/*!40101 SET character_set_client = @saved_cs_client */;

--
-- Dumping data for table `A_UNIV_CLASS`
--

LOCK TABLES `A_UNIV_CLASS` WRITE;
/*!40000 ALTER TABLE `A_UNIV_CLASS` DISABLE KEYS */;
INSERT INTO `A_UNIV_CLASS` VALUES ('0000000000','4631ae1627bc61297bb355dba551215b','0010001','mon',14,3,'A101'),('0000000001','4631ae1627bc61297bb355dba551215b','0010002','tue',12,3,'A101'),('0000000002','4631ae1627bc61297bb355dba551215b','0010003','fri',9,3,'A102'),('0000000003','4631ae1627bc61297bb355dba551215b','0010004','mon',9,2,'A102'),('0000000004','4631ae1627bc61297bb355dba551215b','0020001','wed',12,4,'A101'),('0000000009','104d7fbe92ddef548733558ca2810e6c','0010001','mon',11,4,'A101');
/*!40000 ALTER TABLE `A_UNIV_CLASS` ENABLE KEYS */;
UNLOCK TABLES;

--
-- Table structure for table `A_UNIV_DEP`
--

DROP TABLE IF EXISTS `A_UNIV_DEP`;
/*!40101 SET @saved_cs_client     = @@character_set_client */;
/*!40101 SET character_set_client = utf8 */;
CREATE TABLE `A_UNIV_DEP` (
  `A_DEP_CODE` char(3) NOT NULL,
  `A_DEP` varchar(20) DEFAULT NULL,
  `A_DEPP` char(5) DEFAULT NULL
) ENGINE=InnoDB DEFAULT CHARSET=utf8;
/*!40101 SET character_set_client = @saved_cs_client */;

--
-- Dumping data for table `A_UNIV_DEP`
--

LOCK TABLES `A_UNIV_DEP` WRITE;
/*!40000 ALTER TABLE `A_UNIV_DEP` DISABLE KEYS */;
INSERT INTO `A_UNIV_DEP` VALUES ('001','컴공학',NULL),('002','전자공학',NULL),('003','기계공학',NULL),('101','행정학',NULL),('102','경제학',NULL),('201','미술학',NULL),('202','관현악',NULL),('301','수학',NULL),('302','화학',NULL);
/*!40000 ALTER TABLE `A_UNIV_DEP` ENABLE KEYS */;
UNLOCK TABLES;

--
-- Table structure for table `A_UNIV_P`
--

DROP TABLE IF EXISTS `A_UNIV_P`;
/*!40101 SET @saved_cs_client     = @@character_set_client */;
/*!40101 SET character_set_client = utf8 */;
CREATE TABLE `A_UNIV_P` (
  `A_PNUM` char(10) NOT NULL,
  `A_PNAME` varchar(20) NOT NULL,
  `A_PEMAIL` varchar(30) DEFAULT NULL,
  PRIMARY KEY (`A_PNUM`)
) ENGINE=InnoDB DEFAULT CHARSET=utf8;
/*!40101 SET character_set_client = @saved_cs_client */;

--
-- Dumping data for table `A_UNIV_P`
--

LOCK TABLES `A_UNIV_P` WRITE;
/*!40000 ALTER TABLE `A_UNIV_P` DISABLE KEYS */;
INSERT INTO `A_UNIV_P` VALUES ('A1','A교수1',NULL),('A2','A교수2',NULL),('A3','A교수3',NULL);
/*!40000 ALTER TABLE `A_UNIV_P` ENABLE KEYS */;
UNLOCK TABLES;

--
-- Table structure for table `A_UNIV_ROOM`
--

DROP TABLE IF EXISTS `A_UNIV_ROOM`;
/*!40101 SET @saved_cs_client     = @@character_set_client */;
/*!40101 SET character_set_client = utf8 */;
CREATE TABLE `A_UNIV_ROOM` (
  `A_ROOM_CODE` char(4) NOT NULL,
  `A_RNUM` varchar(20) NOT NULL,
  `A_RRNUM` char(13) DEFAULT NULL,
  PRIMARY KEY (`A_ROOM_CODE`)
) ENGINE=InnoDB DEFAULT CHARSET=utf8;
/*!40101 SET character_set_client = @saved_cs_client */;

--
-- Dumping data for table `A_UNIV_ROOM`
--

LOCK TABLES `A_UNIV_ROOM` WRITE;
/*!40000 ALTER TABLE `A_UNIV_ROOM` DISABLE KEYS */;
INSERT INTO `A_UNIV_ROOM` VALUES ('A101','IT',NULL),('A102','경영',NULL),('A103','예술',NULL),('A104','보건',NULL);
/*!40000 ALTER TABLE `A_UNIV_ROOM` ENABLE KEYS */;
UNLOCK TABLES;

--
-- Table structure for table `A_UNIV_STD`
--

DROP TABLE IF EXISTS `A_UNIV_STD`;
/*!40101 SET @saved_cs_client     = @@character_set_client */;
/*!40101 SET character_set_client = utf8 */;
CREATE TABLE `A_UNIV_STD` (
  `A_SNUM` char(100) NOT NULL DEFAULT '',
  `A_NAME` varchar(100) NOT NULL,
  `A_RRN` char(100) NOT NULL,
  `A_PHONE` varchar(15) DEFAULT NULL,
  `A_ADD` varchar(50) DEFAULT NULL,
  `A_DEPC` char(3) NOT NULL,
  PRIMARY KEY (`A_SNUM`)
) ENGINE=InnoDB DEFAULT CHARSET=utf8;
/*!40101 SET character_set_client = @saved_cs_client */;

--
-- Dumping data for table `A_UNIV_STD`
--

LOCK TABLES `A_UNIV_STD` WRITE;
/*!40000 ALTER TABLE `A_UNIV_STD` DISABLE KEYS */;
INSERT INTO `A_UNIV_STD` VALUES ('03763871174b51d3d21ba1f57f457551','19e0678dfbc18cb8f2ba701072046807','a556dc559c14ccdc037aecdf1c5475c0',NULL,NULL,'202'),('104d7fbe92ddef548733558ca2810e6c','994d97c87a22788042bf94dd7a3e1a98','dc6c407a9ae196c91a28d6215bfbd899',NULL,NULL,'001'),('12653a511855d299d8106b80d4797e3e','cfbbfd05cea0b3f7b526c23f33ad10c4','56309dfcfd911327a56cdaffcc4926a8',NULL,NULL,'002'),('4631ae1627bc61297bb355dba551215b','3c4d6e03a7a4aac0509de16e449cf265','876ee77e29dbc99393e6e1ff4b7c69c9',NULL,NULL,'001'),('60b7bd4b8efd97a42782e2f205e22f9e','58bedbdb39acd530b4e711c1bfd548f9','7addbb35da938980d656e6f84aa2aeeb',NULL,NULL,'001'),('8d4d26a48b1907ca55fa23a4c8c7d266','2f1a0316e42ea9e04e0cfbe30b0e32af','4ad6881b1852cb7800d509fa7790fc04',NULL,NULL,'101'),('dc4c8962ddc539fe615a736bd9c58a82','403549cb59724399a9653d83a34fc101','3e253f7588a7fc5a36f12ec9eb78a418',NULL,NULL,'301');
/*!40000 ALTER TABLE `A_UNIV_STD` ENABLE KEYS */;
UNLOCK TABLES;

--
-- Table structure for table `A_UNIV_SUB`
--

DROP TABLE IF EXISTS `A_UNIV_SUB`;
/*!40101 SET @saved_cs_client     = @@character_set_client */;
/*!40101 SET character_set_client = utf8 */;
CREATE TABLE `A_UNIV_SUB` (
  `A_SUB_CODE` char(7) NOT NULL,
  `A_SUB` varchar(40) NOT NULL,
  `A_CREDIT` int(5) DEFAULT NULL,
  `A_SUBP_CODE` char(5) DEFAULT NULL,
  PRIMARY KEY (`A_SUB_CODE`)
) ENGINE=InnoDB DEFAULT CHARSET=utf8;
/*!40101 SET character_set_client = @saved_cs_client */;

--
-- Dumping data for table `A_UNIV_SUB`
--

LOCK TABLES `A_UNIV_SUB` WRITE;
/*!40000 ALTER TABLE `A_UNIV_SUB` DISABLE KEYS */;
INSERT INTO `A_UNIV_SUB` VALUES ('0010001','C언어',NULL,NULL),('0010002','컴퓨터개론',NULL,NULL),('0010003','사물인터넷',NULL,NULL),('0010004','인공지능',NULL,NULL),('0020001','전자회로',NULL,NULL),('0020002','반도체',NULL,NULL);
/*!40000 ALTER TABLE `A_UNIV_SUB` ENABLE KEYS */;
UNLOCK TABLES;

--
-- Table structure for table `B_UNIV_CLASS`
--

DROP TABLE IF EXISTS `B_UNIV_CLASS`;
/*!40101 SET @saved_cs_client     = @@character_set_client */;
/*!40101 SET character_set_client = utf8 */;
CREATE TABLE `B_UNIV_CLASS` (
  `B_CLASSNUM` char(10) NOT NULL,
  `B_SNUM` char(100) NOT NULL,
  `B_SUB_CODE` char(10) NOT NULL,
  `B_CLASSD` char(3) NOT NULL,
  `B_CLASST` int(11) DEFAULT NULL,
  `B_RRNUM` varchar(13) DEFAULT NULL,
  `B_SUBP_NAME` varchar(10) DEFAULT NULL,
  PRIMARY KEY (`B_CLASSNUM`)
) ENGINE=InnoDB DEFAULT CHARSET=utf8;
/*!40101 SET character_set_client = @saved_cs_client */;

--
-- Dumping data for table `B_UNIV_CLASS`
--

LOCK TABLES `B_UNIV_CLASS` WRITE;
/*!40000 ALTER TABLE `B_UNIV_CLASS` DISABLE KEYS */;
INSERT INTO `B_UNIV_CLASS` VALUES ('1000000000','eb7d50ab94865d6a94e545815a974a4f','0000000001','wed',NULL,NULL,NULL),('1000000001','eb7d50ab94865d6a94e545815a974a4f','0000000002','wed',NULL,NULL,NULL),('1000000002','fbb6c86e3f3b47c2db57161888740e35','0000000005','mon',NULL,NULL,NULL),('1000000003','b2d25b3816a9af213c60fa2f6e62a8c3','0000000004','tue',NULL,NULL,NULL);
/*!40000 ALTER TABLE `B_UNIV_CLASS` ENABLE KEYS */;
UNLOCK TABLES;

--
-- Table structure for table `B_UNIV_STD`
--

DROP TABLE IF EXISTS `B_UNIV_STD`;
/*!40101 SET @saved_cs_client     = @@character_set_client */;
/*!40101 SET character_set_client = utf8 */;
CREATE TABLE `B_UNIV_STD` (
  `B_SNUM` char(100) NOT NULL DEFAULT '',
  `B_NAME` varchar(100) NOT NULL,
  `B_DEP` varchar(20) DEFAULT NULL,
  `B_RRN` char(100) NOT NULL,
  `B_PHONE` varchar(15) DEFAULT NULL,
  `B_EMAIL` varchar(40) DEFAULT NULL,
  PRIMARY KEY (`B_SNUM`)
) ENGINE=InnoDB DEFAULT CHARSET=utf8;
/*!40101 SET character_set_client = @saved_cs_client */;

--
-- Dumping data for table `B_UNIV_STD`
--

LOCK TABLES `B_UNIV_STD` WRITE;
/*!40000 ALTER TABLE `B_UNIV_STD` DISABLE KEYS */;
INSERT INTO `B_UNIV_STD` VALUES ('00228f87a584e78f163169ebcaec164c','62c1becf4f8a1c08df3e392e8005541a',NULL,'526743e62566fcd740ca9a2a7b8c7157',NULL,NULL),('187c057ea9226b4b1c9b9ab1bd07f052','7b0483f0d19879809be62b4457a15059',NULL,'5131c036429ef57668fda91c25ef6159',NULL,NULL),('b2d25b3816a9af213c60fa2f6e62a8c3','0f3accaa0354c134eee1ce7ae056e9f1',NULL,'ddba8827ba82963b9ad31ef7222f3f5e',NULL,NULL),('eb7d50ab94865d6a94e545815a974a4f','0e8bd6e194bdb69b63c920e87c1e1f4f',NULL,'08a122cc0ef2854b67c56e55329d9969',NULL,NULL),('fbb6c86e3f3b47c2db57161888740e35','8f7b9277d23bc75b79bf0f3aea78072f',NULL,'afdf1edf24b1bd902a5f5bef01fb45d4',NULL,NULL);
/*!40000 ALTER TABLE `B_UNIV_STD` ENABLE KEYS */;
UNLOCK TABLES;

--
-- Table structure for table `B_UNIV_SUB`
--

DROP TABLE IF EXISTS `B_UNIV_SUB`;
/*!40101 SET @saved_cs_client     = @@character_set_client */;
/*!40101 SET character_set_client = utf8 */;
CREATE TABLE `B_UNIV_SUB` (
  `B_SUB_CODE` char(10) NOT NULL,
  `B_SUB` varchar(40) NOT NULL,
  `B_CREDIT` int(11) DEFAULT NULL,
  PRIMARY KEY (`B_SUB_CODE`)
) ENGINE=InnoDB DEFAULT CHARSET=utf8;
/*!40101 SET character_set_client = @saved_cs_client */;

--
-- Dumping data for table `B_UNIV_SUB`
--

LOCK TABLES `B_UNIV_SUB` WRITE;
/*!40000 ALTER TABLE `B_UNIV_SUB` DISABLE KEYS */;
INSERT INTO `B_UNIV_SUB` VALUES ('0000000001','C언어',NULL),('0000000002','컴퓨터개론',NULL),('0000000003','사물인터넷',NULL),('0000000004','인공지능',NULL),('0000000005','전자회로',NULL),('0000000006','반도체',NULL);
/*!40000 ALTER TABLE `B_UNIV_SUB` ENABLE KEYS */;
UNLOCK TABLES;

--
-- Table structure for table `C_UNIV_CLASS`
--

DROP TABLE IF EXISTS `C_UNIV_CLASS`;
/*!40101 SET @saved_cs_client     = @@character_set_client */;
/*!40101 SET character_set_client = utf8 */;
CREATE TABLE `C_UNIV_CLASS` (
  `C_CLASSNUM` char(10) NOT NULL,
  `C_SNUM` char(100) NOT NULL,
  `C_SUBC` char(10) NOT NULL,
  `C_CLASSD` varchar(11) DEFAULT NULL,
  `C_CLASST` char(5) DEFAULT NULL,
  `C_SUBP_NAME` varchar(10) DEFAULT NULL,
  `C_RRNUM` char(4) NOT NULL,
  PRIMARY KEY (`C_CLASSNUM`)
) ENGINE=InnoDB DEFAULT CHARSET=utf8;
/*!40101 SET character_set_client = @saved_cs_client */;

--
-- Dumping data for table `C_UNIV_CLASS`
--

LOCK TABLES `C_UNIV_CLASS` WRITE;
/*!40000 ALTER TABLE `C_UNIV_CLASS` DISABLE KEYS */;
INSERT INTO `C_UNIV_CLASS` VALUES ('2000000000','77d72bffab907f32d9ce0a37ea2e99aa','0000000001','mon',NULL,NULL,'C101'),('2000000001','77d72bffab907f32d9ce0a37ea2e99aa','0000000003','fri',NULL,NULL,'C102'),('2000000002','77d72bffab907f32d9ce0a37ea2e99aa','0000000006','mon',NULL,NULL,'C105');
/*!40000 ALTER TABLE `C_UNIV_CLASS` ENABLE KEYS */;
UNLOCK TABLES;

--
-- Table structure for table `C_UNIV_DEP`
--

DROP TABLE IF EXISTS `C_UNIV_DEP`;
/*!40101 SET @saved_cs_client     = @@character_set_client */;
/*!40101 SET character_set_client = utf8 */;
CREATE TABLE `C_UNIV_DEP` (
  `C_DEP_CODE` char(3) NOT NULL,
  `C_DEP` char(20) NOT NULL,
  `C_DEPP` char(5) DEFAULT NULL,
  PRIMARY KEY (`C_DEP_CODE`)
) ENGINE=InnoDB DEFAULT CHARSET=utf8;
/*!40101 SET character_set_client = @saved_cs_client */;

--
-- Dumping data for table `C_UNIV_DEP`
--

LOCK TABLES `C_UNIV_DEP` WRITE;
/*!40000 ALTER TABLE `C_UNIV_DEP` DISABLE KEYS */;
INSERT INTO `C_UNIV_DEP` VALUES ('001','컴공학',''),('002','전자공학',NULL),('003','기계공학',NULL),('101','행정학',NULL),('102','경제학',NULL),('201','미술학',NULL),('202','관현악',NULL),('301','수학',NULL),('302','화학',NULL);
/*!40000 ALTER TABLE `C_UNIV_DEP` ENABLE KEYS */;
UNLOCK TABLES;

--
-- Table structure for table `C_UNIV_STD`
--

DROP TABLE IF EXISTS `C_UNIV_STD`;
/*!40101 SET @saved_cs_client     = @@character_set_client */;
/*!40101 SET character_set_client = utf8 */;
CREATE TABLE `C_UNIV_STD` (
  `C_SNUM` char(100) NOT NULL DEFAULT '',
  `C_NAME` varchar(100) NOT NULL,
  `C_RRN` char(100) NOT NULL,
  `C_PHONE` varchar(15) DEFAULT NULL,
  `C_ADD` varchar(50) DEFAULT NULL,
  `C_DEPC` char(3) NOT NULL,
  PRIMARY KEY (`C_SNUM`)
) ENGINE=InnoDB DEFAULT CHARSET=utf8;
/*!40101 SET character_set_client = @saved_cs_client */;

--
-- Dumping data for table `C_UNIV_STD`
--

LOCK TABLES `C_UNIV_STD` WRITE;
/*!40000 ALTER TABLE `C_UNIV_STD` DISABLE KEYS */;
INSERT INTO `C_UNIV_STD` VALUES ('07b6e3846249d73cdf754f12a9e3d783','27d5c244f2402f064f992d08f144c537','435723211c94a7735c4a49ce84223392',NULL,NULL,'301'),('343d07e182a00a40f4aad77e893555ee','6e1557a440d21b95b12ba19cdf3ca98d','6d033bbcad3a9bce679812c549f9371f',NULL,NULL,'201'),('618b4c054f12d85584ca04928e0d893b','d4da9181577c10bbaa47378222f88403','5377dbe913715d858b017d1e4dc71d0e',NULL,NULL,'002'),('77d72bffab907f32d9ce0a37ea2e99aa','a73f922ede9ab20ea2f7e02123c2270f','891b7acea9cfd79f2eb5b5ba6fcece08',NULL,NULL,'001'),('d25d9d03e38278dbc67f0a898bdce769','e4c27cc533b167019977c7bf6d228b8b','d2e3e89efb6f55a5d7e4530559f64c9d',NULL,NULL,'101');
/*!40000 ALTER TABLE `C_UNIV_STD` ENABLE KEYS */;
UNLOCK TABLES;

--
-- Table structure for table `C_UNIV_SUB`
--

DROP TABLE IF EXISTS `C_UNIV_SUB`;
/*!40101 SET @saved_cs_client     = @@character_set_client */;
/*!40101 SET character_set_client = utf8 */;
CREATE TABLE `C_UNIV_SUB` (
  `C_SUB_CODE` char(10) NOT NULL,
  `C_SUB` varchar(40) NOT NULL,
  `C_CREDIT` int(11) DEFAULT NULL,
  PRIMARY KEY (`C_SUB_CODE`)
) ENGINE=InnoDB DEFAULT CHARSET=utf8;
/*!40101 SET character_set_client = @saved_cs_client */;

--
-- Dumping data for table `C_UNIV_SUB`
--

LOCK TABLES `C_UNIV_SUB` WRITE;
/*!40000 ALTER TABLE `C_UNIV_SUB` DISABLE KEYS */;
INSERT INTO `C_UNIV_SUB` VALUES ('0000000001','C언어',NULL),('0000000002','컴퓨터개론',NULL),('0000000003','사물인터넷',NULL),('0000000004','인공지능',NULL),('0000000005','전자회로',NULL),('0000000006','반도체',NULL);
/*!40000 ALTER TABLE `C_UNIV_SUB` ENABLE KEYS */;
UNLOCK TABLES;

--
-- Table structure for table `GC_CLASS`
--

DROP TABLE IF EXISTS `GC_CLASS`;
/*!40101 SET @saved_cs_client     = @@character_set_client */;
/*!40101 SET character_set_client = utf8 */;
CREATE TABLE `GC_CLASS` (
  `GC_CLASSNUM` char(10) NOT NULL,
  `GC_SNUM` char(100) NOT NULL,
  `GC_SUB_CODE` char(10) NOT NULL,
  `GC_CLASSD` varchar(10) DEFAULT NULL,
  `GC_CLASST` char(5) DEFAULT NULL,
  `GC_ROOM` char(4) DEFAULT NULL,
  `GC_SUB_NAME` varchar(32) DEFAULT NULL,
  PRIMARY KEY (`GC_CLASSNUM`)
) ENGINE=InnoDB DEFAULT CHARSET=utf8;
/*!40101 SET character_set_client = @saved_cs_client */;

--
-- Dumping data for table `GC_CLASS`
--

LOCK TABLES `GC_CLASS` WRITE;
/*!40000 ALTER TABLE `GC_CLASS` DISABLE KEYS */;
INSERT INTO `GC_CLASS` VALUES ('0000000000','4631ae1627bc61297bb355dba551215b','1001','mon',NULL,'A101','C언어'),('0000000001','4631ae1627bc61297bb355dba551215b','1002','tue',NULL,'A101','컴퓨터개론'),('0000000002','4631ae1627bc61297bb355dba551215b','1003','fri',NULL,'A102','사물인터넷'),('0000000003','4631ae1627bc61297bb355dba551215b','1004','mon',NULL,'A102','인공지능'),('0000000004','4631ae1627bc61297bb355dba551215b','2001','wed',NULL,'A101','전자회로'),('0000000009','104d7fbe92ddef548733558ca2810e6c','1001','mon',NULL,'A101','C언어'),('1000000000','eb7d50ab94865d6a94e545815a974a4f','1001','wed',NULL,NULL,'C언어'),('1000000001','eb7d50ab94865d6a94e545815a974a4f','1002','wed',NULL,NULL,'컴퓨터개론'),('1000000002','fbb6c86e3f3b47c2db57161888740e35','2001','mon',NULL,NULL,'전자회로'),('1000000003','b2d25b3816a9af213c60fa2f6e62a8c3','1004','tue',NULL,NULL,'인공지능'),('2000000000','77d72bffab907f32d9ce0a37ea2e99aa','1001','mon',NULL,'C101',NULL),('2000000001','77d72bffab907f32d9ce0a37ea2e99aa','1003','fri',NULL,'C102',NULL),('2000000002','77d72bffab907f32d9ce0a37ea2e99aa','2002','mon',NULL,'C105',NULL);
/*!40000 ALTER TABLE `GC_CLASS` ENABLE KEYS */;
UNLOCK TABLES;

--
-- Table structure for table `GC_MEMBER`
--

DROP TABLE IF EXISTS `GC_MEMBER`;
/*!40101 SET @saved_cs_client     = @@character_set_client */;
/*!40101 SET character_set_client = utf8 */;
CREATE TABLE `GC_MEMBER` (
  `NAME` varchar(100) NOT NULL,
  `UID` varchar(20) NOT NULL,
  `PASS` varchar(100) NOT NULL,
  `GC_SNUM` char(100) NOT NULL,
  `GC_UNIV` varchar(20) NOT NULL,
  `GC_DEP` varchar(20) NOT NULL,
  PRIMARY KEY (`UID`)
) ENGINE=InnoDB DEFAULT CHARSET=utf8;
/*!40101 SET character_set_client = @saved_cs_client */;

--
-- Dumping data for table `GC_MEMBER`
--

LOCK TABLES `GC_MEMBER` WRITE;
/*!40000 ALTER TABLE `GC_MEMBER` DISABLE KEYS */;
INSERT INTO `GC_MEMBER` VALUES ('3c4d6e03a7a4aac0509de16e449cf265','jw','dc6c407a9ae196c91a28d6215bfbd899','4631ae1627bc61297bb355dba551215b','A','컴퓨터공학과'),('a73f922ede9ab20ea2f7e02123c2270f','kji','dc6c407a9ae196c91a28d6215bfbd899','77d72bffab907f32d9ce0a37ea2e99aa','C','컴퓨터공학과'),('0e8bd6e194bdb69b63c920e87c1e1f4f','red','9f390ae5c99a2050d3c540e68845b2d3','eb7d50ab94865d6a94e545815a974a4f','B','기계공학과'),('0f3accaa0354c134eee1ce7ae056e9f1','yellow','9f390ae5c99a2050d3c540e68845b2d3','b2d25b3816a9af213c60fa2f6e62a8c3','B','기계공학과');
/*!40000 ALTER TABLE `GC_MEMBER` ENABLE KEYS */;
UNLOCK TABLES;

--
-- Table structure for table `GC_P`
--

DROP TABLE IF EXISTS `GC_P`;
/*!40101 SET @saved_cs_client     = @@character_set_client */;
/*!40101 SET character_set_client = utf8 */;
CREATE TABLE `GC_P` (
  `GC_PNUM` char(5) NOT NULL,
  `GC_PNAME` char(20) NOT NULL,
  PRIMARY KEY (`GC_PNUM`)
) ENGINE=InnoDB DEFAULT CHARSET=utf8;
/*!40101 SET character_set_client = @saved_cs_client */;

--
-- Dumping data for table `GC_P`
--

LOCK TABLES `GC_P` WRITE;
/*!40000 ALTER TABLE `GC_P` DISABLE KEYS */;
INSERT INTO `GC_P` VALUES ('A1','A교수1'),('A2','A교수2'),('A3','A교수3');
/*!40000 ALTER TABLE `GC_P` ENABLE KEYS */;
UNLOCK TABLES;

--
-- Table structure for table `GC_ROOM`
--

DROP TABLE IF EXISTS `GC_ROOM`;
/*!40101 SET @saved_cs_client     = @@character_set_client */;
/*!40101 SET character_set_client = utf8 */;
CREATE TABLE `GC_ROOM` (
  `GC_ROOM_CODE` char(4) NOT NULL,
  `GC_RNUM` varchar(20) NOT NULL,
  `GC_RRNUM` char(13) DEFAULT NULL,
  PRIMARY KEY (`GC_ROOM_CODE`)
) ENGINE=InnoDB DEFAULT CHARSET=utf8;
/*!40101 SET character_set_client = @saved_cs_client */;

--
-- Dumping data for table `GC_ROOM`
--

LOCK TABLES `GC_ROOM` WRITE;
/*!40000 ALTER TABLE `GC_ROOM` DISABLE KEYS */;
INSERT INTO `GC_ROOM` VALUES ('A101','IT',NULL),('A102','경영',NULL),('A103','예술',NULL),('A104','보건',NULL);
/*!40000 ALTER TABLE `GC_ROOM` ENABLE KEYS */;
UNLOCK TABLES;

--
-- Table structure for table `GC_STD`
--

DROP TABLE IF EXISTS `GC_STD`;
/*!40101 SET @saved_cs_client     = @@character_set_client */;
/*!40101 SET character_set_client = utf8 */;
CREATE TABLE `GC_STD` (
  `GC_SNUM` char(100) NOT NULL DEFAULT '',
  `GC_NAME` varchar(100) NOT NULL,
  `GC_DEP` varchar(20) DEFAULT NULL,
  `GC_DEP_CODE` char(3) DEFAULT NULL,
  PRIMARY KEY (`GC_SNUM`)
) ENGINE=InnoDB DEFAULT CHARSET=utf8;
/*!40101 SET character_set_client = @saved_cs_client */;

--
-- Dumping data for table `GC_STD`
--

LOCK TABLES `GC_STD` WRITE;
/*!40000 ALTER TABLE `GC_STD` DISABLE KEYS */;
INSERT INTO `GC_STD` VALUES ('00228f87a584e78f163169ebcaec164c','62c1becf4f8a1c08df3e392e8005541a',NULL,NULL),('03763871174b51d3d21ba1f57f457551','19e0678dfbc18cb8f2ba701072046807','관현악','2'),('07b6e3846249d73cdf754f12a9e3d783','27d5c244f2402f064f992d08f144c537',NULL,'3'),('104d7fbe92ddef548733558ca2810e6c','994d97c87a22788042bf94dd7a3e1a98','컴공학','0'),('12653a511855d299d8106b80d4797e3e','cfbbfd05cea0b3f7b526c23f33ad10c4','전자공학','0'),('187c057ea9226b4b1c9b9ab1bd07f052','7b0483f0d19879809be62b4457a15059',NULL,NULL),('343d07e182a00a40f4aad77e893555ee','6e1557a440d21b95b12ba19cdf3ca98d',NULL,'2'),('4631ae1627bc61297bb355dba551215b','3c4d6e03a7a4aac0509de16e449cf265','컴공학','0'),('60b7bd4b8efd97a42782e2f205e22f9e','58bedbdb39acd530b4e711c1bfd548f9','컴공학','0'),('618b4c054f12d85584ca04928e0d893b','d4da9181577c10bbaa47378222f88403',NULL,'0'),('77d72bffab907f32d9ce0a37ea2e99aa','a73f922ede9ab20ea2f7e02123c2270f',NULL,'0'),('8d4d26a48b1907ca55fa23a4c8c7d266','2f1a0316e42ea9e04e0cfbe30b0e32af','행정학','1'),('b2d25b3816a9af213c60fa2f6e62a8c3','0f3accaa0354c134eee1ce7ae056e9f1',NULL,NULL),('d25d9d03e38278dbc67f0a898bdce769','e4c27cc533b167019977c7bf6d228b8b',NULL,'1'),('dc4c8962ddc539fe615a736bd9c58a82','403549cb59724399a9653d83a34fc101','관현악','3'),('eb7d50ab94865d6a94e545815a974a4f','0e8bd6e194bdb69b63c920e87c1e1f4f',NULL,NULL),('fbb6c86e3f3b47c2db57161888740e35','8f7b9277d23bc75b79bf0f3aea78072f',NULL,NULL);
/*!40000 ALTER TABLE `GC_STD` ENABLE KEYS */;
UNLOCK TABLES;

--
-- Table structure for table `GC_SUB`
--

DROP TABLE IF EXISTS `GC_SUB`;
/*!40101 SET @saved_cs_client     = @@character_set_client */;
/*!40101 SET character_set_client = utf8 */;
CREATE TABLE `GC_SUB` (
  `GC_SUB_CODE` char(10) NOT NULL,
  `GC_SUB` varchar(40) NOT NULL,
  `GC_SUBP_CODE` varchar(10) DEFAULT NULL,
  PRIMARY KEY (`GC_SUB_CODE`)
) ENGINE=InnoDB DEFAULT CHARSET=utf8;
/*!40101 SET character_set_client = @saved_cs_client */;

--
-- Dumping data for table `GC_SUB`
--

LOCK TABLES `GC_SUB` WRITE;
/*!40000 ALTER TABLE `GC_SUB` DISABLE KEYS */;
INSERT INTO `GC_SUB` VALUES ('1001','C언어',NULL),('1002','컴퓨터개론',NULL),('1003','사물인터넷',NULL),('1004','인공지능',NULL),('2001','전자회로',NULL),('2002','반도체',NULL);
/*!40000 ALTER TABLE `GC_SUB` ENABLE KEYS */;
UNLOCK TABLES;
/*!40103 SET TIME_ZONE=@OLD_TIME_ZONE */;

/*!40101 SET SQL_MODE=@OLD_SQL_MODE */;
/*!40014 SET FOREIGN_KEY_CHECKS=@OLD_FOREIGN_KEY_CHECKS */;
/*!40014 SET UNIQUE_CHECKS=@OLD_UNIQUE_CHECKS */;
/*!40101 SET CHARACTER_SET_CLIENT=@OLD_CHARACTER_SET_CLIENT */;
/*!40101 SET CHARACTER_SET_RESULTS=@OLD_CHARACTER_SET_RESULTS */;
/*!40101 SET COLLATION_CONNECTION=@OLD_COLLATION_CONNECTION */;
/*!40111 SET SQL_NOTES=@OLD_SQL_NOTES */;

-- Dump completed on 2022-06-04 13:19:14
